<?xml version="1.0" ?>
<LOG_ROOT>
	<PROJECT NAME="Lab4">
		<CBX_INST_ENTRY INSTANCE_NAME="|dynamic_04|display_04:inst2|mux2_04:inst6|lpm_mux:LPM_MUX_component" CBX_FILE_NAME="mux_4qc.tdf"/>
		<CBX_INST_ENTRY INSTANCE_NAME="|dynamic_04|lpm_mux0_04:inst7|lpm_mux:LPM_MUX_component" CBX_FILE_NAME="mux_1qc.tdf"/>
		<CBX_INST_ENTRY INSTANCE_NAME="|dynamic_04|clock_time_04:inst|fre_sw_04:inst7|lpm_decode:LPM_DECODE_component" CBX_FILE_NAME="decode_0af.tdf"/>
		<CBX_INST_ENTRY INSTANCE_NAME="|dynamic_04|clock_time_04:inst|mux2:inst8|lpm_mux:LPM_MUX_component" CBX_FILE_NAME="mux_upc.tdf"/>
		<CBX_INST_ENTRY INSTANCE_NAME="|dynamic_04|mux2:inst10|lpm_mux:LPM_MUX_component" CBX_FILE_NAME="mux_upc.tdf"/>
		<CBX_INST_ENTRY INSTANCE_NAME="|dynamic_04|timer_04:inst1|fre_sel_04:inst9|lpm_mux:LPM_MUX_component" CBX_FILE_NAME="mux_upc.tdf"/>
		<CBX_INST_ENTRY INSTANCE_NAME="|dynamic_04|clock_time_04:inst|mux2:inst10|lpm_mux:LPM_MUX_component" CBX_FILE_NAME="mux_upc.tdf"/>
		<CBX_INST_ENTRY INSTANCE_NAME="|dynamic_04|clock_time_04:inst|mux2:inst9|lpm_mux:LPM_MUX_component" CBX_FILE_NAME="mux_upc.tdf"/>
		<CBX_INST_ENTRY INSTANCE_NAME="|dynamic_04|display_04:inst2|dig_select_04:inst2|lpm_decode_04:inst|lpm_decode:LPM_DECODE_component" CBX_FILE_NAME="decode_5af.tdf"/>
		<CBX_INST_ENTRY INSTANCE_NAME="|dynamic_04|alarm_04:inst6|mux8_2_04:inst7|lpm_mux:LPM_MUX_component" CBX_FILE_NAME="mux_8qc.tdf"/>
		<CBX_INST_ENTRY INSTANCE_NAME="|dynamic_04|clock_time_04:inst|hour_tell_04:inst12|lpm_compare:LPM_COMPARE_component" CBX_FILE_NAME="cmpr_gri.tdf"/>
		<CBX_INST_ENTRY INSTANCE_NAME="|dynamic_04|clock_time_04:inst|mux2:inst11|lpm_mux:LPM_MUX_component" CBX_FILE_NAME="mux_upc.tdf"/>
		<CBX_INST_ENTRY INSTANCE_NAME="|dynamic_04|clock_time_04:inst|mux2:inst2|lpm_mux:LPM_MUX_component" CBX_FILE_NAME="mux_upc.tdf"/>
		<CBX_INST_ENTRY INSTANCE_NAME="|dynamic_04|display_04:inst2|counter8_04:inst1|lpm_counter:LPM_COUNTER_component" CBX_FILE_NAME="cntr_0oh.tdf"/>
		<CBX_INST_ENTRY INSTANCE_NAME="|dynamic_04|alarm_04:inst6|time_compare_04:inst13|lpm_compare:LPM_COMPARE_component" CBX_FILE_NAME="cmpr_5mg.tdf"/>
		<CBX_INST_ENTRY INSTANCE_NAME="|dynamic_04|display_04:inst2|code_select_04:inst|mux6:inst|lpm_mux:LPM_MUX_component" CBX_FILE_NAME="mux_9qc.tdf"/>
		<CBX_INST_ENTRY INSTANCE_NAME="|dynamic_04|mode_sel_04:inst5|lpm_mux:LPM_MUX_component" CBX_FILE_NAME="mux_lrc.tdf"/>
		<CBX_INST_ENTRY INSTANCE_NAME="|dynamic_04|music_gen_04:inst8|cal_divnum_04:inst|lpm_divide:Div0" CBX_FILE_NAME="lpm_divide_bjm.tdf"/>
	</PROJECT>
</LOG_ROOT>
